Block,RowIndex,C1,C2,C3,C4,C5
SideTable_V435_Z440,1,4.05,3.98,0.98,0.81,0.87
SideTable_V435_Z440,2,7.03,7.24,7.49,7.52,7.5
SideTable_V435_Z440,3,28.9,29.1,28.9,28.8,28.75
SideTable_V435_Z440,4,40,46,47,225,142
SideTable_V435_Z440,5,0.103,0.261,0.135,0.248,0.071
SideTable_V435_Z440,6,2.644,2.377,4.287,4.03,3.934
MainBlock_Nov2017,1,1,Marilao  Caloocan Bridge   DECA Homes   Marilao   Bulacan,14.7794305555556,121.027177777778,2017-11-29
MainBlock_Nov2017,2,2,Prenza Dam   Brgy. Prenza II   Marilao   Bulacan,14.7813305555556,120.997866666667,2017-11-29
MainBlock_Nov2017,3,3,"Expressway Bridge   Brgy. Patubig   Marilao,  Bulacan",14.7710833333333,120.958769444444,2017-11-29
MainBlock_Nov2017,4,4,Tabing  ilog Bridge   Brgy. Tabing Ilog   Marilao   Bulacan,14.7606444444444,120.949747222222,2017-11-29
MainBlock_Nov2017,5,5,Ibayo Bridge   Brgy. Ibayo   Marilao   Bulacan,14.75435,120.951011111111,2017-11-29
MainBlock_Nov2017,6,,,,,
